City_ID,City,Lat,Lng,Max Temp,Humidity,Cloudiness,Wind Speed,Country,Date
0,tiksi,71.6872,128.8694,8.33,57,18,0.66,RU,1719877489
1,gadzhiyevo,69.2551,33.3362,8.51,92,100,4.0,RU,1719877499
2,adamstown,-25.066,-130.1015,18.66,63,100,10.55,PN,1719877538
3,einhausen,49.6767,8.5483,15.82,91,70,0.84,DE,1719877548
4,prieska,-29.6641,22.7474,11.74,65,71,1.61,ZA,1719877558
5,weno,7.4515,151.8468,28.97,84,100,3.6,FM,1719877568
6,bredasdorp,-34.5322,20.0403,9.53,94,4,1.34,ZA,1719877578
7,lebu,-37.6167,-73.65,12.04,90,100,5.74,CL,1719877588
8,sitka,57.0531,-135.33,12.94,88,100,4.63,US,1719877598
9,iqaluit,63.7506,-68.5145,12.85,54,75,6.17,CA,1719877608
10,celestun,20.8667,-90.4,27.47,83,62,7.45,MX,1719877618
11,mount gambier,-37.8333,140.7667,9.78,61,99,1.13,AU,1719877628
12,nar'yan-mar,67.6713,53.087,6.87,70,6,2.64,RU,1719877638
13,puerto natales,-51.7236,-72.4875,-3.26,93,39,3.43,CL,1719877659
14,hawaiian paradise park,19.5933,-154.9731,27.73,77,40,6.17,US,1719877669
15,yung shue wan,22.2333,114.1167,30.38,84,100,0.89,HK,1719877679
16,hithadhoo,-0.6,73.0833,28.11,75,23,0.75,MV,1719877689
17,port-aux-francais,-49.35,70.2167,0.89,53,100,13.03,TF,1719877699
18,papatowai,-46.5619,169.4708,7.6,77,100,6.38,NZ,1719877709
19,olonkinbyen,70.9221,-8.7187,3.65,94,100,2.36,SJ,1719877719
20,alot,23.7667,75.55,25.41,86,95,6.1,IN,1719877729
21,port mathurin,-19.6833,63.4167,22.84,78,44,7.9,MU,1719877739
22,eydhafushi,5.1033,73.0708,28.28,77,99,2.75,MV,1719877749
23,mejit,10.2753,170.8646,28.03,78,94,7.04,MH,1719877759
24,blackmans bay,-43.0167,147.3167,4.85,91,29,1.61,AU,1719877769
25,shadrinsk,56.0852,63.6335,14.51,97,63,3.12,RU,1719877779
26,guayanilla,18.0191,-66.7918,30.59,72,35,0.45,PR,1719877789
27,estevan,49.1334,-102.9842,21.19,77,75,1.54,CA,1719877294
28,grytviken,-54.2811,-36.5092,-6.63,89,72,2.6,GS,1719877809
29,bandar seri begawan,4.9403,114.9481,23.99,100,75,1.54,BN,1719877819
30,edinburgh of the seven seas,-37.0676,-12.3116,13.57,78,52,13.94,SH,1719877829
31,margaret river,-33.95,115.0667,13.44,64,94,7.37,AU,1719877839
32,port elizabeth,-33.918,25.5701,15.73,95,20,3.6,ZA,1719877588
33,nanakuli,21.3906,-158.1547,30.97,51,20,5.66,US,1719877860
34,udachny,66.4167,112.4,18.32,53,4,4.43,RU,1719877870
35,santa marta,11.2408,-74.199,32.03,74,40,4.92,CO,1719877765
36,horta,38.5333,-28.6333,21.68,87,4,4.02,PT,1719877890
37,fauske,67.2588,15.3918,13.3,89,84,2.0,NO,1719877900
38,gambiran satu,-8.3939,114.1464,23.28,98,91,1.56,ID,1719877920
39,tarawa,1.419,172.984,31.05,74,40,3.6,KI,1719877930
40,praia da vitoria,38.7333,-27.0667,21.14,83,40,2.17,PT,1719877940
41,dunedin,-45.8742,170.5036,5.45,94,100,4.92,NZ,1719877662
42,tregunc,47.85,-3.85,13.81,92,54,3.5,FR,1719877960
43,kodiak,57.79,-152.4072,11.73,76,100,4.12,US,1719877970
44,battagram,34.6772,73.0233,23.75,76,33,2.28,PK,1719877980
45,ulsteinvik,62.3432,5.8487,12.4,89,100,3.13,NO,1719877990
46,thompson,55.7435,-97.8558,19.09,59,100,3.09,CA,1719878000
47,tejen,37.3834,60.5054,25.59,26,0,4.0,TM,1719877872
48,egilsstadir,65.2653,-14.3948,8.95,76,40,2.57,IS,1719878021
49,jangipur,24.4667,88.0667,28.09,83,100,1.46,IN,1719878031
50,bardai,11.65,7.2333,23.77,67,90,2.31,NG,1719878041
51,san patricio,28.017,-97.5169,33.42,56,61,5.73,US,1719878051
52,invercargill,-46.4,168.35,8.34,86,100,2.68,NZ,1719877842
53,ushuaia,-54.8,-68.3,-1.19,80,0,2.57,AR,1719877808
54,port lincoln,-34.7333,135.8667,12.16,62,68,3.85,AU,1719878081
55,guaranda,-1.6,-79.0,12.84,96,53,0.23,EC,1719878091
56,arraial do cabo,-22.9661,-42.0278,20.75,84,100,4.25,BR,1719878101
57,bilibino,68.0546,166.4372,12.55,53,93,5.75,RU,1719878111
58,gembu,6.7,11.2667,16.99,95,100,0.55,NG,1719878121
59,puerto deseado,-47.7503,-65.8938,1.02,67,7,5.58,AR,1719878131
60,belmonte,-15.8631,-38.8828,22.48,86,62,2.18,BR,1719878141
61,ola,59.5833,151.2833,12.02,76,2,2.67,RU,1719878151
62,west island,-12.1568,96.8225,25.99,83,75,5.66,CC,1719878171
63,petropavlovsk-kamchatsky,53.0452,158.6483,10.33,100,100,4.0,RU,1719878182
64,ilulissat,69.2167,-51.1,6.01,81,75,2.06,GL,1719878192
65,wulingyuan,29.3494,110.5441,20.99,93,94,1.09,CN,1719878202
66,velizh,55.6056,31.1967,17.49,97,81,0.63,RU,1719878212
67,ribeira grande,38.5167,-28.7,22.1,87,4,3.58,PT,1719878222
68,selfoss,63.9331,-20.9971,8.91,86,99,4.31,IS,1719878232
69,tabou,4.423,-7.3528,24.88,82,83,3.86,CI,1719878242
70,kapuskasing,49.4169,-82.4331,26.05,38,75,6.17,CA,1719878252
71,flying fish cove,-10.4217,105.6791,23.82,94,100,5.66,CX,1719878272
72,sao jose da coroa grande,-8.8978,-35.1478,24.22,81,6,5.1,BR,1719878282
73,tual,-5.6667,132.75,26.18,87,98,9.56,ID,1719878292
74,nemuro,43.3236,145.575,17.4,66,1,7.68,JP,1719878302
75,waitangi,-43.9535,-176.5597,11.01,97,97,2.24,NZ,1719878323
76,qaqortoq,60.7167,-46.0333,3.47,77,83,2.28,GL,1719878333
77,puerto baquerizo moreno,-0.9,-89.6,21.87,83,72,3.93,EC,1719878343
78,kone,-21.0595,164.8658,27.57,47,69,0.82,NC,1719878353
79,santa cruz do rio pardo,-22.8989,-49.6325,16.44,54,0,1.95,BR,1719878321
80,georgetown,5.4112,100.3354,27.96,78,20,1.54,MY,1719878074
81,shelton,41.3165,-73.0932,25.57,62,75,3.09,US,1719878117
82,afaahiti,-17.75,-149.2833,28.93,83,95,11.24,PF,1719878393
83,kavaratti,10.5669,72.642,28.0,87,100,6.97,IN,1719878403
84,san antonio de pale,-1.4014,5.6325,23.79,76,100,6.25,GQ,1719878413
85,ancud,-41.8697,-73.8203,10.69,88,100,9.07,CL,1719878413
86,cockburn town,21.4612,-71.1419,28.26,86,2,7.87,TC,1719878433
87,margate,51.3813,1.3862,16.6,75,100,5.88,GB,1719878443
88,rayachoti,14.05,78.75,27.13,64,100,3.97,IN,1719878454
89,punta arenas,-53.15,-70.9167,0.06,80,75,5.66,CL,1719878090
90,marion,39.7684,-86.1555,23.49,51,79,2.87,US,1719878474
91,badger,64.8,-147.5333,15.95,94,75,2.57,US,1719878484
92,hasaki,35.7333,140.8333,29.05,88,74,3.24,JP,1719878494
93,pemba,-12.974,40.5178,23.04,77,2,5.55,MZ,1719878281
94,bethel,41.3712,-73.414,24.2,64,25,0.45,US,1719878514
95,constantia,44.1833,28.65,19.38,62,7,4.53,RO,1719878240
96,sinabang,2.4803,96.3801,26.31,77,91,1.96,ID,1719878534
97,hilo,19.7297,-155.09,27.19,86,56,0.45,US,1719878544
98,arno,60.1167,18.6333,16.55,69,78,4.8,SE,1719878554
99,manay,7.215,126.5397,27.69,73,78,1.55,PH,1719878564
100,kapa'a,22.0752,-159.319,28.44,68,17,4.02,US,1719878557
101,bageshwar,29.85,79.7667,23.35,94,99,0.61,IN,1719878584
102,filadelfia,39.9523,-75.1638,26.27,51,2,2.24,US,1719878340
103,boguchany,58.3814,97.4531,20.8,66,86,0.94,RU,1719878604
104,ingeniero jacobacci,-41.3427,-69.5448,1.83,100,100,2.78,AR,1719878614
105,albany,42.6001,-73.9662,21.16,71,22,2.24,US,1719878367
106,keflavik,64.0049,-22.5624,9.95,87,100,5.66,IS,1719878472
107,aasiaat,68.7098,-52.8699,2.73,88,95,0.81,GL,1719878655
108,ketchikan,55.3422,-131.6461,14.63,93,100,1.53,US,1719878665
109,sandnessjoen,66.0217,12.6316,10.29,85,100,4.22,NO,1719878675
110,yellowknife,62.456,-114.3525,29.67,36,75,3.6,CA,1719878685
111,rawson,-43.3002,-65.1023,5.96,53,65,2.81,AR,1719878695
112,warrnambool,-38.3833,142.4833,10.15,76,85,2.93,AU,1719878705
113,zakynthos,37.7914,20.8953,24.8,77,0,1.56,GR,1719878715
114,palikir - national government center,6.9248,158.1611,29.47,79,100,2.57,FM,1719878725
115,college,64.8569,-147.8028,19.18,88,100,2.57,US,1719878735
116,suva,-18.1416,178.4415,25.71,78,75,3.09,FJ,1719878724
117,severo-yeniseyskiy,60.3725,93.0408,15.72,78,100,0.62,RU,1719878755
118,mata-utu,-13.2816,-176.1745,27.74,79,98,10.01,WF,1719878765
119,hamilton,39.1834,-84.5333,24.05,47,31,1.34,US,1719878534
120,utrik,11.2278,169.8474,27.88,82,88,9.12,MH,1719878795
121,novodvinsk,64.4165,40.8122,14.86,66,100,3.25,RU,1719878805
122,yilan,24.757,121.753,30.03,74,42,0.9,TW,1719878530
123,murun-kuren,49.6342,100.1625,19.76,59,78,0.62,MN,1719878826
124,sayansk,54.1088,102.1648,22.02,67,51,1.9,RU,1719878836
125,castillos,-34.1667,-53.8333,7.62,82,100,1.67,UY,1719878846
126,stanley,54.868,-1.6985,11.55,94,40,2.06,GB,1719878649
127,hirara,24.8,125.2833,29.3,82,99,6.98,JP,1719878866
128,sovetsk,55.0839,21.8785,11.47,91,51,0.6,RU,1719878876
129,sola,-13.8833,167.55,26.22,81,83,8.1,VU,1719878886
130,st. john's,47.5649,-52.7093,16.82,96,100,8.75,CA,1719878906
131,namibe,-15.1961,12.1522,18.93,58,0,3.47,AO,1719878916
132,simanggang,1.2472,111.4528,23.22,99,100,0.61,MY,1719878926
133,enshi,30.3,109.4833,22.33,88,25,0.62,CN,1719878936
134,sisimiut,66.9395,-53.6735,4.21,95,100,1.0,GL,1719878946
135,dame-marie,18.5667,-74.4167,28.3,80,21,2.03,HT,1719878956
136,talakan,50.3167,130.3667,25.72,46,32,1.68,RU,1719878966
137,ribeira brava,32.65,-17.0667,21.35,75,57,1.83,PT,1719878986
138,talnakh,69.4865,88.3972,2.99,86,100,5.04,RU,1719878997
139,betio village,1.358,172.9211,32.02,77,13,6.4,KI,1719879007
140,westport,41.1415,-73.3579,25.25,59,23,2.24,US,1719878802
141,fojnica,43.9625,17.8983,21.51,90,94,1.09,BA,1719879027
142,divino das laranjeiras,-18.7778,-41.4797,22.24,73,99,2.54,BR,1719879037
143,lago da pedra,-4.3333,-45.1667,25.8,66,50,1.86,BR,1719879047
144,papao,-17.75,-149.55,29.82,80,97,11.94,PF,1719879057
145,hermanus,-34.4187,19.2345,12.3,89,3,1.36,ZA,1719879067
146,altai,46.3722,96.2583,18.29,36,97,1.69,MN,1719879077
147,veraval,20.9,70.3667,28.3,85,100,11.81,IN,1719879087
148,rio brilhante,-21.8019,-54.5464,18.82,58,0,1.89,BR,1719878918
149,avarua,-21.2078,-159.775,24.03,83,100,4.63,CK,1719879108
150,ciudad lazaro cardenas,17.9583,-102.2,23.16,91,100,2.14,MX,1719879096
151,fale old settlement,-9.3852,-171.2468,29.0,72,65,6.92,TK,1719879128
152,jining,35.405,116.5814,22.2,84,100,4.39,CN,1719879138
153,mountain home,43.133,-115.6912,27.79,22,9,3.58,US,1719878868
154,puerto ayora,-0.7393,-90.3518,21.97,94,57,5.02,EC,1719879135
155,algona,43.07,-94.233,18.05,63,75,8.23,US,1719879168
156,nuuk,64.1835,-51.7216,9.34,76,74,3.6,GL,1719879074
157,afif,23.9065,42.9172,25.47,21,3,4.45,SA,1719879010
158,ust-nera,64.5667,143.2,18.07,40,61,2.5,RU,1719879198
159,nadi,-17.8,177.4167,30.4,46,60,1.69,FJ,1719879117
160,as sulayyil,20.4607,45.5779,33.14,12,67,8.48,SA,1719879218
161,plouzane,48.3833,-4.6167,14.38,92,100,3.6,FR,1719879228
162,east london,-33.0153,27.9116,19.15,71,66,4.3,ZA,1719879238
163,cambria,35.5641,-121.0808,36.8,63,31,5.93,US,1719879248
164,hadibu,12.65,54.0333,26.97,77,100,9.38,YE,1719879258
165,urangan,-25.3,152.9,17.33,96,100,3.13,AU,1719879268
166,minas de marcona,-15.2119,-75.1103,12.73,82,0,4.34,PE,1719879279
167,tura,25.5198,90.2201,24.28,99,100,1.26,IN,1719879289
168,vorgashor,67.5833,63.95,6.02,68,91,2.71,RU,1719879299
169,guilin,25.2819,110.2864,24.06,98,100,1.24,CN,1719879309
170,newman,37.3138,-121.0208,38.13,10,0,4.39,US,1719879319
171,kirensk,57.7853,108.1119,26.7,46,22,1.9,RU,1719879329
172,pisco,-13.7,-76.2167,16.03,88,100,5.66,PE,1719879339
173,nishinoomote,30.7333,131.0,29.31,83,75,4.12,JP,1719879349
174,gaigeturi,33.4644,126.3183,29.03,74,75,9.77,KR,1719879359
175,iskateley,67.6803,53.1512,7.35,68,0,1.64,RU,1719879369
176,isafjordur,66.0755,-23.124,7.33,73,5,4.38,IS,1719879379
177,orsa,54.5153,30.4053,16.68,95,94,1.37,BY,1719879389
178,katabu,-4.9333,122.5167,25.62,90,94,1.66,ID,1719879399
179,hovd,48.0056,91.6419,21.94,41,48,0.58,MN,1719879371
180,vianopolis,-16.7419,-48.5164,18.98,35,4,2.33,BR,1719879419
181,jamestown,42.097,-79.2353,18.8,52,0,2.57,US,1719879429
182,grande prairie,55.1667,-118.8027,21.1,37,20,10.8,CA,1719879322
183,port macquarie,-31.4333,152.9167,14.38,97,71,1.79,AU,1719879449
184,paso de los toros,-32.8167,-56.5167,7.65,83,0,3.09,UY,1719879460
185,longyearbyen,78.2186,15.6401,6.91,76,0,1.54,SJ,1719879470
186,singarayakonda,15.25,80.0333,28.97,64,100,5.63,IN,1719879480
187,uturoa,-16.7333,-151.4333,26.32,80,57,9.51,PF,1719879490
188,muang phon-hong,18.4928,102.4172,23.58,97,100,0.45,LA,1719879500
189,kingston,17.997,-76.7936,29.53,66,7,8.23,JM,1719879520
190,labrador city,52.9463,-66.9114,17.95,36,20,3.09,CA,1719879312
191,hotan,37.0997,79.9269,25.27,35,100,7.27,CN,1719879540
192,genoa,44.4129,8.9573,21.14,87,40,1.34,IT,1719879550
193,san isidro,-12.1167,-77.05,17.07,84,100,4.12,PE,1719879560
194,piacabucu,-10.4056,-36.4344,23.59,74,0,3.06,BR,1719879570
195,plock,52.5468,19.7064,15.0,97,79,2.23,PL,1719879580
196,revda,56.801,59.9303,12.05,98,30,1.22,RU,1719879590
197,chonchi,-42.6128,-73.8092,6.73,97,100,2.84,CL,1719879600
198,ma'rib,15.4591,45.3253,29.01,37,98,4.61,YE,1719879611
199,lihue,21.9789,-159.3672,28.77,66,20,6.17,US,1719879621
200,cavalaire-sur-mer,43.174,6.5272,23.9,78,19,2.22,FR,1719879631
201,moyale,3.5167,39.0584,19.0,56,67,2.33,KE,1719879641
202,labytnangi,66.6572,66.4183,7.69,66,100,0.9,RU,1719879651
203,kyzyl-suu,42.3414,78.0056,13.21,87,84,1.9,KG,1719879661
204,new plymouth,-39.0667,174.0833,13.23,100,100,7.4,NZ,1719879671
205,kroya,-7.6331,109.2461,25.05,87,100,2.19,ID,1719879681
206,pangai,-19.8,-174.35,26.06,69,20,7.2,TO,1719879691
207,walvis bay,-22.9575,14.5053,12.27,100,0,0.51,,1719879701
208,anadyr,64.75,177.4833,11.28,76,20,6.0,RU,1719879711
209,saint george's,12.0564,-61.7485,27.41,84,100,10.34,GD,1719879721
210,flin flon,54.7682,-101.865,15.0,87,100,2.75,CA,1719879731
211,makary,12.5717,14.4666,29.37,52,68,3.52,CM,1719879741
212,bolotnoye,55.6717,84.3981,17.17,91,79,2.11,RU,1719879751
213,codrington,-38.2667,141.9667,9.62,67,100,1.48,AU,1719879761
214,dudinka,69.4058,86.1778,4.05,72,92,6.31,RU,1719879771
215,atafu village,-8.5421,-172.5159,29.16,70,37,6.87,TK,1719879781
216,zeya,53.75,127.2667,30.06,39,5,1.51,RU,1719879802
217,prince rupert,54.3161,-130.3201,13.05,96,100,2.06,CA,1719879812
218,charters towers,-20.1,146.2667,21.65,63,47,3.02,AU,1719879822
219,arroyo,41.6096,-4.7969,15.6,80,0,3.09,ES,1719879832
220,mount isa,-20.7333,139.5,13.87,54,4,5.66,AU,1719879842
221,kimberley,-28.7323,24.7623,10.83,93,98,2.57,ZA,1719879852
222,zalingei,12.9096,23.4741,24.77,60,59,1.12,SD,1719879862
223,nova vicosa,-17.8919,-39.3719,22.74,80,50,2.53,BR,1719879872
224,caconda,-13.7333,15.0667,12.51,45,0,0.76,AO,1719879882
225,nadapuram,11.7,75.6667,24.99,89,100,0.93,IN,1719879892
226,chekhov,55.1431,37.4711,20.94,87,82,2.1,RU,1719879902
227,la'ie,21.6477,-157.9253,30.0,71,11,2.24,US,1719879912
228,malindi,-3.2175,40.1191,25.37,84,97,6.62,KE,1719879922
229,tofol,5.3248,163.0078,31.88,70,75,4.63,FM,1719879932
230,tsiombe,-25.3,45.4833,17.45,83,0,1.97,MG,1719879942
231,hammerfest,70.6634,23.6821,8.25,100,100,4.12,NO,1719879953
232,upington,-28.4478,21.2561,11.11,50,10,2.62,ZA,1719879963
233,bodaybo,57.8506,114.1933,27.15,56,61,0.73,RU,1719879973
234,hollabrunn,48.55,16.0833,19.45,73,100,0.89,AT,1719879983
235,remire-montjoly,4.9167,-52.2667,27.02,89,0,1.54,GF,1719879993
236,timbuktu,16.7735,-3.0074,35.45,36,69,4.37,ML,1719880003
237,fortuna,40.5982,-124.1573,18.53,85,20,6.69,US,1719880013
238,saint-louis,16.3333,-15.0,29.8,65,61,7.3,SN,1719880023
239,asmar,35.0333,71.3581,22.41,39,2,3.29,AF,1719880033
240,dryden,49.7833,-92.7503,15.16,82,100,4.63,CA,1719880043
241,kargat,55.1956,80.2811,17.39,88,100,2.84,RU,1719880053
242,atambua,-9.1061,124.8925,26.19,67,37,1.68,ID,1719880063
243,thunder bay,48.4001,-89.3168,15.99,59,100,4.63,CA,1719880074
244,enewetak,11.3474,162.3373,28.41,80,18,8.61,MH,1719880084
245,marshall,34.3834,-86.3333,30.86,45,0,2.57,US,1719880094
246,vila do maio,15.1333,-23.2167,24.44,84,100,5.94,CV,1719880104
247,callao,-12.0667,-77.15,17.46,82,100,4.12,PE,1719879993
248,beledweyne,4.7358,45.2036,24.61,75,100,8.74,SO,1719880124
249,bikenibeu village,1.3673,173.1241,31.98,70,20,5.66,KI,1719880134
250,palekh,56.8028,41.8572,18.46,89,47,2.19,RU,1719880144
251,kuqa,41.7278,82.9364,26.27,26,100,1.95,CN,1719880154
252,lisakovsk,52.5369,62.4936,12.74,90,11,3.29,KZ,1719880164
253,singkil,-7.9855,111.4161,25.4,86,95,1.96,ID,1719880174
254,champerico,14.3,-91.9167,26.65,86,98,4.88,GT,1719880184
255,garoowe,8.4054,48.4845,25.92,58,86,12.25,SO,1719880194
256,al majaridah,19.1236,41.9111,31.97,22,0,1.29,SA,1719880205
257,klyuchi,52.2667,79.1667,18.52,66,100,4.81,RU,1719880215
258,canton,23.1167,113.25,28.97,63,100,5.1,CN,1719879943
259,port hedland,-20.3167,118.5667,20.03,45,45,5.66,AU,1719880235
260,ambodifotatra,-16.9833,49.85,23.2,69,96,8.48,MG,1719880245
261,severnoye,56.3491,78.3619,17.85,87,100,2.98,RU,1719880255
262,carlow,52.8408,-6.9261,10.1,95,12,1.79,IE,1719880265
263,puttalam,8.0362,79.8283,27.61,84,100,6.41,LK,1719880275
264,kilinochchi,9.3961,80.3982,27.03,81,100,4.66,LK,1719880295
265,namsos,64.4662,11.4957,10.03,93,100,1.54,NO,1719880305
266,vilyuchinsk,52.9306,158.4028,11.15,97,100,2.84,RU,1719880315
267,puerto cabezas,14.0351,-83.3888,26.13,90,98,2.73,NI,1719880325
268,coruripe,-10.1256,-36.1756,23.04,76,4,3.0,BR,1719880335
269,taltal,-25.4,-70.4833,15.67,71,12,1.91,CL,1719880220
270,sinop,41.7711,34.8709,16.6,59,0,2.56,TR,1719880356
271,kovdor,67.5662,30.4758,11.39,95,100,4.05,RU,1719880366
272,la gi,10.6667,107.7833,28.91,73,97,3.23,VN,1719880376
273,launceston,-41.45,147.1667,0.8,93,0,4.63,AU,1719880386
274,colonia,50.9333,6.95,15.13,77,0,3.09,DE,1719880396
275,wailua homesteads,22.0669,-159.378,28.44,71,20,6.17,US,1719880406
276,susuman,62.7833,148.1667,19.77,38,2,5.13,RU,1719880416
277,lodeynoye pole,60.726,33.5531,16.36,94,100,4.46,RU,1719880436
278,arkalyk,50.2486,66.9114,13.28,84,85,3.05,KZ,1719880446
279,port hueneme,34.1478,-119.1951,29.69,69,0,3.09,US,1719880466
280,tutoia,-2.7619,-42.2744,25.95,85,6,3.81,BR,1719880476
281,wauchope,-31.45,152.7333,14.98,97,100,1.91,AU,1719880486
282,kuala belait,4.5833,114.1833,24.09,96,100,3.02,BN,1719880496
283,barcelos,41.5388,-8.6151,22.14,74,0,1.77,PT,1719880446
284,geraldton,-28.7667,114.6,12.23,82,20,5.14,AU,1719880517
285,parabel',58.6978,81.4825,15.53,82,24,4.16,RU,1719880527
286,arta,39.1606,20.9853,23.72,61,0,1.6,GR,1719880537
287,forster,-32.1667,152.5167,12.94,95,100,1.19,AU,1719880547
288,zabid,14.1951,43.3152,32.54,44,100,5.59,YE,1719880557
289,suntar,62.1444,117.6319,24.78,54,75,2.22,RU,1719880567
290,seaside,36.6111,-121.8516,19.95,82,0,4.47,US,1719880577
291,oranjemund,-28.55,16.4333,11.9,88,2,1.12,,1719880587
292,porto novo,6.4965,2.6036,25.14,87,100,3.59,BJ,1719880597
293,goz beida,13.95,20.55,29.48,46,48,3.29,TD,1719880607
294,meadow lakes,61.6247,-149.6011,18.68,63,100,1.54,US,1719880617
295,howrah,22.5892,88.3103,28.0,94,100,0.0,IN,1719880627
296,saipan,15.1355,145.701,32.39,66,20,5.66,MP,1719880637
297,hassi messaoud,31.6804,6.0729,35.92,19,11,9.26,DZ,1719880647
298,crane,31.3974,-102.3501,33.85,28,0,10.64,US,1719880657
299,broome,42.2506,-75.833,20.21,59,0,3.6,US,1719880668
300,nova sintra,14.8667,-24.7167,23.73,81,100,8.68,CV,1719880678
301,vila franca do campo,37.7167,-25.4333,19.23,99,0,2.52,PT,1719880688
302,tazovsky,67.4667,78.7,4.81,70,23,4.39,RU,1719880698
303,al hudaydah,14.7978,42.9545,32.67,54,100,7.55,YE,1719880708
304,port alfred,-33.5906,26.891,16.77,96,97,3.8,ZA,1719880718
305,masterton,-40.9597,175.6575,9.38,94,100,5.18,NZ,1719880728
306,taro,-8.3862,115.28,23.0,96,100,1.16,ID,1719880738
307,veinticinco de mayo,-35.4323,-60.1727,8.32,79,0,1.98,AR,1719880748
308,brisas de zicatela,15.8369,-97.0419,25.0,92,100,1.68,MX,1719880758
309,asau,46.4333,26.4,19.51,78,37,2.61,RO,1719880768
310,kourou,5.1552,-52.6478,27.03,92,100,2.27,GF,1719880778
311,nelson bay,-32.7167,152.15,12.27,97,75,7.2,AU,1719880788
312,kinablangan,7.6947,126.5503,27.63,68,89,1.1,PH,1719880798
313,tobelo,1.7284,128.0095,28.19,73,92,1.51,ID,1719880528
314,gannan,47.9147,123.5031,28.71,35,0,1.12,CN,1719880819
315,meadow lake,34.8014,-106.5436,22.99,81,100,4.04,US,1719880829
316,levelland,33.5873,-102.378,35.11,25,6,8.2,US,1719880687
317,tolanaro,-25.0319,46.9987,13.04,94,20,0.0,MG,1719880849
318,avdiyivka,48.1399,37.7426,21.86,45,6,1.43,UA,1719880859
319,guthrie,35.8789,-97.4253,36.6,45,0,8.23,US,1719880869
320,antonio enes,-16.2325,39.9086,22.3,78,20,3.14,MZ,1719880879
321,wendouree,-37.55,143.8333,7.48,70,4,1.34,AU,1719880889
322,igarka,67.4667,86.5833,5.47,74,93,7.19,RU,1719880899
323,ironwood,46.4547,-90.171,21.45,43,0,6.69,US,1719880910
324,aden,12.7794,45.0367,30.48,73,100,2.16,YE,1719880920
325,itaiba,-8.9475,-37.4228,19.26,91,56,4.02,BR,1719880930
326,touros,-5.1989,-35.4608,24.37,85,0,5.54,BR,1719880940
327,portland,45.5234,-122.6762,27.58,52,40,5.14,US,1719880937
328,queenstown,-31.8976,26.8753,9.89,61,63,2.44,ZA,1719880960
329,ostrov,57.3439,28.3537,15.85,73,99,1.32,RU,1719880970
330,raahe,64.6833,24.4833,15.05,99,100,4.99,FI,1719880980
331,diego de almagro,-26.3667,-70.05,15.62,22,0,0.87,CL,1719880990
332,spring valley,36.108,-115.245,40.66,10,20,9.77,US,1719880961
333,keelung,25.1283,121.7419,32.97,64,89,1.94,TW,1719881010
334,grand rapids,42.9634,-85.6681,22.21,43,75,4.12,US,1719880794
335,saint-jean-de-monts,46.7833,-2.0667,16.26,87,100,6.16,FR,1719881030
336,camacupa,-12.0167,17.4833,13.4,45,0,1.47,AO,1719881040
337,juegang,32.3174,121.1855,32.21,81,100,8.13,CN,1719881051
338,qingyuan,23.7,113.0333,28.99,88,100,3.15,CN,1719881061
339,la puebla de cazalla,37.2216,-5.3115,20.56,57,0,1.72,ES,1719881071
340,zaragoza,41.6561,-0.8773,19.45,65,0,8.23,ES,1719881081
341,tazacorte,28.629,-17.9293,20.54,94,100,7.2,ES,1719881091
342,soledar,48.6794,38.089,20.82,56,6,0.44,UA,1719881101
343,yuanping,38.7153,112.7575,20.42,76,100,2.04,CN,1719881111
344,manosque,43.8288,5.7869,19.2,75,0,4.7,FR,1719881121
345,cidreira,-30.1811,-50.2056,9.6,70,0,3.03,BR,1719881131
346,vadso,70.0744,29.7487,9.49,87,100,4.63,NO,1719881141
347,coxen hole,16.3244,-86.5366,30.6,74,20,8.75,HN,1719881151
348,qamdo,31.1667,97.2333,9.91,48,100,2.56,CN,1719881161
349,lillehammer,61.1146,10.4674,8.76,92,100,0.84,NO,1719881171
350,taitung city,22.7583,121.1444,32.15,66,20,3.6,TW,1719881181
351,katima mulilo,-17.5,24.2667,13.1,53,0,2.63,,1719881191
352,ludington,43.9553,-86.4526,18.3,74,0,0.0,US,1719881201
353,le vauclin,14.5452,-60.8388,29.03,79,75,8.75,MQ,1719881212
354,naha,26.2125,127.6811,32.15,81,40,7.2,JP,1719881222
355,bougouni,11.417,-7.479,24.66,81,100,3.01,ML,1719881232
356,holualoa,19.6228,-155.9522,25.91,82,75,3.6,US,1719881242
357,mazagao,-0.115,-51.2894,29.03,97,16,1.52,BR,1719881252
358,yanchep,-31.55,115.6833,15.12,61,100,6.18,AU,1719881262
359,faribault,44.295,-93.2688,20.92,59,100,7.72,US,1719881272
360,kayangel,8.0823,134.7173,28.5,72,96,1.81,PW,1719881282
361,tallkalakh,34.6684,36.2599,22.98,70,0,1.98,SY,1719881292
362,n'zeto,-7.2312,12.8666,21.55,91,100,3.72,AO,1719881302
363,bahia de kino,28.8333,-111.9333,31.64,60,62,3.47,MX,1719881312
364,yuzhno-kurilsk,44.0306,145.8556,16.47,68,100,12.57,RU,1719881322
365,pemangkat,1.1667,108.9667,25.63,86,100,3.05,ID,1719881332
366,cacapava,-23.1008,-45.7069,14.49,97,5,0.67,BR,1719881342
367,vilyuysk,63.7553,121.6247,19.97,76,86,2.27,RU,1719881353
368,fort wellington,6.4,-57.6,27.52,84,25,5.49,GY,1719881363
369,guichon,-32.35,-57.2,7.26,87,0,2.41,UY,1719881373
370,san gabriel,34.0961,-118.1058,32.17,44,0,6.17,US,1719881383
371,alice springs,-23.7,133.8833,7.75,66,40,6.17,AU,1719881393
372,tralee,52.2704,-9.7026,9.77,88,100,1.21,IE,1719881403
373,argostolion,38.1811,20.489,26.53,36,0,0.99,GR,1719881413
374,leh,34.1667,77.5833,13.91,62,1,3.2,IN,1719881423
375,saint-philippe,-21.3585,55.7679,19.77,83,91,4.73,RE,1719881433
376,neryungri,56.6709,124.6491,29.44,42,0,0.74,RU,1719881443
377,ngaruawahia,-37.6674,175.1555,14.55,75,6,7.15,NZ,1719881453
378,prince edward,44.0001,-77.2495,18.9,77,0,3.04,CA,1719881463
379,dahegam,23.1667,72.8167,24.87,80,100,6.46,IN,1719881473
380,uvel'skiy,54.4446,61.3574,14.75,94,86,3.13,RU,1719881483
381,kupang,-10.1667,123.5833,30.32,84,75,5.14,ID,1719881494
382,half moon,34.826,-77.4594,24.14,79,75,2.06,US,1719881504
383,dzhalagash,45.0833,64.6667,17.86,66,0,3.86,KZ,1719881514
384,sang-e charak,35.8497,66.4369,17.78,50,0,0.36,AF,1719881524
385,marsh harbour,26.5412,-77.0636,28.69,75,0,4.34,BS,1719881534
386,santa cruz,-17.8,-63.1667,18.8,49,0,3.67,BO,1719881494
387,axim,4.8699,-2.2405,24.63,90,9,2.8,GH,1719881554
388,guerrero negro,27.9769,-114.0611,21.85,69,95,7.1,MX,1719881564
389,murrhardt,48.9819,9.5705,14.75,90,79,0.9,DE,1719881574
390,eyl,7.9803,49.8164,27.43,67,100,11.07,SO,1719881584
391,bontang,0.1333,117.5,25.47,90,100,1.71,ID,1719881594
392,chumphon,10.3333,98.8333,26.27,82,93,1.94,TH,1719881604
393,carnarvon,-24.8667,113.6333,18.16,57,0,6.87,AU,1719881614
394,solnechnyy,50.7214,136.6319,24.73,39,100,1.42,RU,1719881625
395,shevchenko,48.5,35.0,23.53,44,64,0.61,UA,1719881635
396,tera,14.0078,0.7531,33.17,43,48,6.46,NE,1719881645
397,amga,60.8953,131.9608,30.02,43,86,4.1,RU,1719881655
398,rio grande,-32.035,-52.0986,9.06,81,5,3.73,BR,1719881409
399,baijiantan,45.6333,85.1833,24.84,46,100,7.07,CN,1719881675
400,bamboo flat,11.7,92.7167,27.05,89,40,1.03,IN,1719881695
401,palmer,42.1584,-72.3287,22.41,64,26,1.3,US,1719881705
402,agadez,19.75,10.25,30.92,16,30,4.24,NE,1719881715
403,kharp,66.8014,65.8081,9.17,58,92,1.78,RU,1719881725
404,yarmouth,41.7057,-70.2286,21.03,83,0,2.57,US,1719881539
405,okha,53.5739,142.9478,17.81,55,16,1.5,RU,1719881745
406,sungai penuh,-2.0833,101.3833,18.99,97,100,1.6,ID,1719881755
407,west mackay,-21.1481,149.1605,25.9,74,0,2.41,AU,1719881765
408,kralendijk,12.15,-68.2667,28.99,79,0,4.63,BQ,1719881511
409,toliara,-23.35,43.6667,17.34,72,0,4.18,MG,1719881650
410,aketi,2.7388,23.7833,21.31,97,100,0.87,CD,1719881796
411,chhapar,27.8167,74.4,29.86,70,99,6.79,IN,1719881806
412,miyaly,48.8844,53.7836,21.94,42,98,2.32,KZ,1719881816
413,banjarmasin,-3.3244,114.591,24.08,85,100,0.7,ID,1719881700
414,illizi,26.4833,8.4667,31.89,17,0,4.37,DZ,1719881836
415,bryne,58.7354,5.6477,12.21,93,100,1.03,NO,1719881846
416,chemolgan,43.1897,76.5292,15.81,75,78,1.05,KZ,1719881856
417,port blair,11.6667,92.75,27.02,89,40,1.03,IN,1719881866
418,saynshand,44.8824,110.1163,22.16,48,43,6.14,MN,1719881876
419,plettenberg bay,-34.0527,23.3716,14.43,90,98,2.79,ZA,1719881886
420,northam,51.0333,-4.2167,14.1,92,94,6.04,GB,1719881896
421,namie,37.4833,141.0,28.73,72,100,0.45,JP,1719881906
422,kilju,40.9642,129.3278,26.71,38,100,2.12,KP,1719881916
423,astaneh-ye ashrafiyeh,37.2596,49.9444,20.96,93,99,0.66,IR,1719881927
424,sanya,18.2431,109.505,31.09,79,40,1.0,CN,1719881937
425,kangaba,11.9333,-8.4167,25.54,78,75,2.75,ML,1719881947
426,derbent,42.0678,48.2899,20.52,73,100,2.4,RU,1719881957
427,murzuq,25.9155,13.9184,28.46,18,13,3.83,LY,1719881967
428,soe,-9.8607,124.284,24.35,60,25,4.05,ID,1719881977
429,whitehorse,60.7161,-135.0538,19.43,38,75,4.63,CA,1719881987
430,alofi,-19.0595,-169.9187,25.94,73,75,8.23,NU,1719881997
431,antsiranana,-12.2787,49.2917,21.53,78,19,5.81,MG,1719882007
432,happy valley-goose bay,53.3168,-60.3315,19.17,32,20,3.09,CA,1719882017
433,willowmore,-33.2926,23.4895,10.88,87,6,1.99,ZA,1719882027
434,gabu,12.2833,-14.2167,24.55,94,100,2.89,GW,1719882037
435,almeirim,-1.5233,-52.5817,25.26,80,84,0.9,BR,1719882047
436,ndjole,-0.1783,10.7649,23.29,89,100,1.92,GA,1719882057
437,san felipe,10.3399,-68.7425,22.26,99,70,0.54,VE,1719882078
438,buka,40.8108,69.1986,17.19,30,0,2.22,UZ,1719882088
439,olyokminsk,60.3736,120.4264,30.91,36,55,2.53,RU,1719882098
440,xichang,27.8964,102.2634,20.2,90,100,0.7,CN,1719882108
441,roma,43.2128,-75.4557,19.17,72,0,2.57,US,1719882118
442,waddan,29.1614,16.139,28.07,30,0,3.13,LY,1719882148
443,saint-francois,46.4154,3.9054,15.69,88,100,3.09,FR,1719882003
444,adh dhayd,25.2881,55.8816,28.44,22,99,3.31,AE,1719882168
445,amurzet,47.6967,131.0981,26.53,50,0,3.16,RU,1719882178
446,tomatlan,19.9333,-105.25,25.16,93,100,1.4,MX,1719882189
447,norton,-17.8833,30.7,11.27,58,0,2.35,ZW,1719882199
448,pandan,14.0453,124.1694,29.91,69,94,3.02,PH,1719882219
449,les essarts-le-roi,48.7167,1.9009,15.47,81,100,4.63,FR,1719882229
450,kizlyar,43.8469,46.715,18.56,66,100,3.94,RU,1719882239
451,hastings,50.8552,0.5729,16.05,88,100,3.93,GB,1719882249
452,novyy urengoy,66.0833,76.6333,6.93,63,19,3.84,RU,1719882259
453,khandyga,62.6667,135.6,18.95,90,100,2.36,RU,1719882269
454,san luis de la loma,17.2706,-100.8939,24.5,93,100,2.28,MX,1719882279
455,pembroke,45.8168,-77.1162,20.1,71,0,0.66,CA,1719882289
456,slawharad,53.4446,31.0014,18.6,89,100,2.33,BY,1719882299
457,grand falls-windsor,48.9332,-55.6649,15.83,73,100,1.9,CA,1719882163
458,berezivka,47.2043,30.9078,22.5,39,98,1.9,UA,1719882330
459,port sudan,19.6175,37.2164,32.09,37,72,1.41,SD,1719882340
460,hopelchen,19.7667,-89.85,27.53,75,0,1.79,MX,1719882350
461,borogontsy,62.6683,131.1683,25.5,58,6,3.96,RU,1719882360
462,ahmadpur east,29.1431,71.2598,35.71,53,52,5.93,PK,1719882370
463,port augusta,-32.5,137.7667,11.59,48,5,1.92,AU,1719882156
464,haiku-pauwela,20.9219,-156.3051,27.92,69,20,11.32,US,1719882390
465,maceio,-9.6658,-35.7353,21.69,88,40,1.03,BR,1719882240
466,saudarkrokur,65.7461,-19.6394,9.45,66,40,3.45,IS,1719882410
467,gorontalo,0.5412,123.0595,27.89,74,88,0.54,ID,1719882420
468,greenville,35.6127,-77.3663,23.41,68,40,2.06,US,1719882401
469,jiuquan,39.7432,98.5174,25.02,23,9,3.62,CN,1719882440
470,jefferson city,38.5767,-92.1735,22.95,56,0,4.63,US,1719882450
471,arkhangel'sk,64.5401,40.5433,15.06,100,40,4.0,RU,1719882397
472,san rafael del sur,11.8485,-86.4384,25.54,78,100,3.43,NI,1719882471
473,ubinskoye,55.3068,79.6802,18.45,82,100,3.47,RU,1719882481
474,pangody,65.85,74.4859,6.4,64,89,3.49,RU,1719882491
475,koszalin,54.1944,16.1722,14.26,96,100,2.87,PL,1719882249
476,okhotsk,59.3833,143.3,14.54,73,70,3.07,RU,1719882511
477,korla,41.7597,86.1469,27.69,31,67,8.34,CN,1719882521
478,sos'va,59.1766,61.8558,13.4,80,31,1.32,RU,1719882531
479,muang phonsavan,19.45,103.2167,19.84,98,100,0.57,LA,1719882541
480,compostela,7.6731,126.0889,27.09,79,83,0.44,PH,1719882365
481,taroa,8.7058,171.2275,28.24,78,95,5.49,MH,1719882561
482,nagqu,31.5,92.0,7.61,76,10,2.05,CN,1719882311
483,eloi mendes,-21.61,-45.5653,12.86,95,0,1.24,BR,1719882581
484,kargasok,59.0556,80.8572,15.02,75,70,4.51,RU,1719882591
485,kiunga,-6.1219,141.2906,25.62,95,98,1.84,PG,1719882601
486,bubaque,11.2833,-15.8333,26.41,85,100,7.13,GW,1719882611
487,nyurba,63.2842,118.3319,19.82,78,100,1.75,RU,1719882621
488,saldanha,-33.0117,17.9442,11.7,89,2,2.07,ZA,1719882632
489,inirida,3.8653,-67.9239,24.18,92,8,0.68,CO,1719882642
490,chibougamau,49.9168,-74.3659,14.81,75,60,1.25,CA,1719882652
491,minab,27.1467,57.0801,32.17,51,64,1.62,IR,1719882430
492,rabo de peixe,37.8,-25.5833,18.73,99,40,3.6,PT,1719882648
493,nusaybin,37.0778,41.2178,26.78,31,0,1.95,TR,1719882682
494,scarborough,54.2797,-0.4044,11.76,92,100,1.34,GB,1719882069
495,tari,12.4086,4.4914,29.8,56,100,6.04,NG,1719882702
496,cabedelo,-6.9811,-34.8339,25.37,85,3,5.57,BR,1719882446
497,vrontados,38.4089,26.1328,25.92,53,0,4.63,GR,1719882722
498,greymouth,-42.4667,171.2,10.57,81,100,1.39,NZ,1719882732
499,magugu,-4.0167,35.7667,14.98,85,83,1.14,TZ,1719882549
500,brookings,44.3114,-96.7984,18.39,87,100,6.17,US,1719882752
501,sombrerete,23.6333,-103.65,16.15,75,100,7.57,MX,1719882763
502,mora,11.0461,14.1401,26.4,64,97,1.69,CM,1719882773
503,cill airne,52.05,-9.5167,8.62,95,100,0.97,IE,1719882783
504,vernal,40.4555,-109.5287,30.84,17,0,12.07,US,1719882749
505,zavetnoye,47.1194,43.8903,20.54,33,0,2.04,RU,1719882803
506,darwin,-12.4611,130.8418,27.99,53,0,8.23,AU,1719882302
507,lauro de freitas,-12.8944,-38.3272,26.01,69,20,5.14,BR,1719882558
508,oroqen zizhiqi,50.5667,123.7167,30.56,31,0,0.8,CN,1719882833
509,salalah,17.0151,54.0924,27.13,85,100,4.07,OM,1719882843
510,abashiri,44.0213,144.2697,22.16,49,40,5.14,JP,1719882853
511,padang,-0.9492,100.3543,26.03,83,37,1.32,ID,1719882863
512,diamantina,-18.2494,-43.6003,16.23,73,100,1.69,BR,1719882873
513,turbat,26.0023,63.044,31.35,63,100,1.47,PK,1719882883
514,talara,-4.5772,-81.2719,19.42,88,0,6.2,PE,1719882893
515,berdigestyakh,62.0989,126.6992,25.93,52,15,4.65,RU,1719882903
516,akureyri,65.6835,-18.0878,8.96,66,4,1.03,IS,1719882913
517,neiafu,-18.65,-173.9833,26.38,73,20,5.14,TO,1719882924
518,gracemere,-23.4333,150.45,16.95,88,100,3.6,AU,1719882934
519,howard springs,-12.497,131.047,28.32,66,84,7.09,AU,1719882944
520,merizo village,13.2658,144.6691,31.31,84,16,6.09,GU,1719882954
521,ifanadiana,-21.3,47.6333,12.09,94,0,1.44,MG,1719882964
522,yaren,-0.5472,166.916,29.13,73,12,6.76,NR,1719882974
523,luderitz,-26.6481,15.1594,12.69,82,0,2.64,,1719882984
524,mount pearl,47.5166,-52.7813,16.92,98,100,7.72,CA,1719882994
525,ishikawa,26.4233,127.8214,32.24,72,40,6.17,JP,1719883004
526,fort-shevchenko,44.5086,50.263,22.97,50,7,4.0,KZ,1719883014
527,basse-terre,16.1667,-61.6667,24.58,94,40,2.57,GP,1719883024
528,qiziltepa,40.0331,64.85,19.53,33,0,4.71,UZ,1719883034
529,paita,-5.0892,-81.1144,18.92,83,12,6.55,PE,1719882901
530,concordia,-31.393,-58.0209,10.99,68,0,0.89,AR,1719883055
531,scone,56.4194,-3.4051,11.42,78,100,0.89,GB,1719883065
532,bandarbeyla,9.4942,50.8122,27.33,66,100,12.55,SO,1719883075
533,igrim,63.1906,64.4162,11.31,59,100,1.42,RU,1719883085
534,ilebo,-4.3167,20.5833,21.82,48,61,1.0,CD,1719883095
535,barclayville,4.6797,-8.2339,24.19,84,97,3.08,LR,1719883105
536,makokou,0.5738,12.8642,21.05,98,12,1.33,GA,1719883115
537,escanaba,45.7453,-87.0646,17.98,63,0,4.63,US,1719882875
538,naze,28.3667,129.4833,29.51,78,100,5.19,JP,1719883135
539,yeniseysk,58.4497,92.1703,22.42,61,15,1.49,RU,1719883145
540,kulhudhuffushi,6.6221,73.07,28.32,79,100,3.54,MV,1719883155
541,kidal,18.4411,1.4078,34.13,14,100,2.28,ML,1719883175
542,smidovich,48.6,133.8167,23.05,61,99,2.56,RU,1719883185
543,cabo san lucas,22.8909,-109.9124,34.61,45,0,8.23,MX,1719882975
544,zhangatas,43.5667,69.75,17.95,38,0,5.6,KZ,1719883206
545,senanga,-16.1167,23.2667,12.02,53,0,2.0,ZM,1719883216
546,inongo,-1.95,18.2667,21.68,58,35,1.38,CD,1719883226
547,paraiso,9.8383,-83.8656,21.09,100,100,0.67,CR,1719883103
548,daru,-9.0763,143.2092,26.01,89,100,7.57,PG,1719883247
549,colares,38.7992,-9.4469,20.18,84,0,9.39,PT,1719883257
550,villa gesell,-37.2639,-56.973,6.14,59,29,1.6,AR,1719883197
551,necochea,-38.5473,-58.7368,6.49,76,13,2.3,AR,1719883108
552,lata,40.1629,-8.3327,18.29,84,0,1.34,PT,1719883287
553,christchurch,-43.5333,172.6333,10.38,59,75,9.77,NZ,1719883025
554,linxia chengguanzhen,35.6003,103.2064,16.9,50,100,0.5,CN,1719883318
555,yasuj,30.6682,51.588,19.75,37,0,0.0,IR,1719883328
556,mukalla,14.5425,49.1242,29.57,68,99,0.98,YE,1719883338
557,saint augustine beach,29.8505,-81.2654,28.94,78,100,2.06,US,1719883348
558,san borja,-14.8167,-66.85,17.54,70,0,0.98,BO,1719883359
559,broken hill,-31.95,141.4333,8.2,54,5,6.51,AU,1719883369
560,tostado,-29.232,-61.7692,11.76,41,0,3.7,AR,1719883379
561,okoneshnikovo,54.8377,75.0834,17.33,92,100,2.45,RU,1719883389
562,vredendal,-31.6683,18.5012,10.09,92,0,1.02,ZA,1719883399
563,saint-pierre,-21.3393,55.4781,19.82,77,100,3.6,RE,1719883409
564,puerto cortez,15.8333,-87.95,27.89,85,100,3.19,HN,1719883419
565,mar del plata,-38.0023,-57.5575,8.3,77,24,2.22,AR,1719882916
566,felahiye,39.0906,35.5672,10.41,83,0,2.21,TR,1719883440
567,sosnovo-ozerskoye,52.5249,111.5418,27.52,36,0,2.18,RU,1719883450
568,ghadamis,30.1337,9.5007,34.72,13,0,5.55,LY,1719883460
569,anna regina,7.2644,-58.5077,27.11,91,95,4.87,GY,1719883470
570,morehead city,34.7229,-76.726,24.0,80,100,4.47,US,1719883480
571,al wajh,26.2455,36.4525,27.97,69,0,1.54,SA,1719883490
572,viransehir,37.2353,39.7631,24.68,35,0,1.66,TR,1719883500
573,carleton place,45.1334,-76.1494,18.83,84,0,0.89,CA,1719883510
574,nur-sultan,51.1801,71.446,13.97,94,40,1.0,KZ,1719883520
